D:\senior-project\flask-master\src\flask\app.py_propagate_exceptions,D:\senior-project\flask-master\src\flask\app.py_preserve_context_on_exception
D:\senior-project\flask-master\src\flask\app.py_preserve_context_on_exception,D:\senior-project\flask-master\src\flask\app.py_propagate_exceptions
D:\senior-project\flask-master\src\flask\app.py_make_null_session,D:\senior-project\flask-master\src\flask\app.py_open_session
D:\senior-project\flask-master\src\flask\app.py_template_filter,D:\senior-project\flask-master\src\flask\app.py_template_global,D:\senior-project\flask-master\src\flask\app.py_template_test
D:\senior-project\flask-master\src\flask\app.py_add_template_filter,D:\senior-project\flask-master\src\flask\app.py_add_template_test,D:\senior-project\flask-master\src\flask\app.py_add_template_global
D:\senior-project\flask-master\src\flask\app.py_add_template_test,D:\senior-project\flask-master\src\flask\app.py_add_template_global,D:\senior-project\flask-master\src\flask\app.py_add_template_filter
D:\senior-project\flask-master\src\flask\app.py_template_global,D:\senior-project\flask-master\src\flask\app.py_template_test
D:\senior-project\flask-master\src\flask\app.py_add_template_global,D:\senior-project\flask-master\src\flask\app.py_add_template_test
D:\senior-project\flask-master\src\flask\app.py_teardown_appcontext,D:\senior-project\flask-master\src\flask\app.py_teardown_request
D:\senior-project\flask-master\src\flask\app.py_url_defaults,D:\senior-project\flask-master\src\flask\blueprints.py_url_defaults
D:\senior-project\flask-master\src\flask\blueprints.py_route,D:\senior-project\flask-master\src\flask\blueprints.py_add_url_rule
D:\senior-project\flask-master\src\flask\blueprints.py_app_template_filter,D:\senior-project\flask-master\src\flask\blueprints.py_app_template_test,D:\senior-project\flask-master\src\flask\blueprints.py_app_template_global
D:\senior-project\flask-master\src\flask\blueprints.py_add_app_template_filter,D:\senior-project\flask-master\src\flask\blueprints.py_add_app_template_test,D:\senior-project\flask-master\src\flask\blueprints.py_add_app_template_global
D:\senior-project\flask-master\src\flask\blueprints.py_app_template_test,D:\senior-project\flask-master\src\flask\blueprints.py_app_template_global,D:\senior-project\flask-master\src\flask\blueprints.py_app_template_filter
D:\senior-project\flask-master\src\flask\blueprints.py_add_app_template_test,D:\senior-project\flask-master\src\flask\blueprints.py_add_app_template_global,D:\senior-project\flask-master\src\flask\blueprints.py_add_app_template_filter
D:\senior-project\flask-master\src\flask\blueprints.py_app_template_global,D:\senior-project\flask-master\src\flask\blueprints.py_app_template_test,D:\senior-project\flask-master\src\flask\blueprints.py_app_template_filter
D:\senior-project\flask-master\src\flask\blueprints.py_add_app_template_global,D:\senior-project\flask-master\src\flask\blueprints.py_add_app_template_test,D:\senior-project\flask-master\src\flask\blueprints.py_add_app_template_filter
D:\senior-project\flask-master\src\flask\blueprints.py_before_request,D:\senior-project\flask-master\src\flask\blueprints.py_after_request,D:\senior-project\flask-master\src\flask\blueprints.py_teardown_request
D:\senior-project\flask-master\src\flask\blueprints.py_before_app_request,D:\senior-project\flask-master\src\flask\blueprints.py_teardown_app_request,D:\senior-project\flask-master\src\flask\blueprints.py_app_context_processor,D:\senior-project\flask-master\src\flask\blueprints.py_after_app_request
D:\senior-project\flask-master\src\flask\blueprints.py_after_request,D:\senior-project\flask-master\src\flask\blueprints.py_before_request,D:\senior-project\flask-master\src\flask\blueprints.py_teardown_request
D:\senior-project\flask-master\src\flask\blueprints.py_after_app_request,D:\senior-project\flask-master\src\flask\blueprints.py_teardown_app_request,D:\senior-project\flask-master\src\flask\blueprints.py_app_context_processor
D:\senior-project\flask-master\src\flask\blueprints.py_teardown_app_request,D:\senior-project\flask-master\src\flask\blueprints.py_app_context_processor,D:\senior-project\flask-master\src\flask\blueprints.py_after_app_request,D:\senior-project\flask-master\src\flask\blueprints.py_teardown_request
D:\senior-project\flask-master\src\flask\blueprints.py_context_processor,D:\senior-project\flask-master\src\flask\blueprints.py_before_request,D:\senior-project\flask-master\src\flask\blueprints.py_after_request,D:\senior-project\flask-master\src\flask\blueprints.py_teardown_request
D:\senior-project\flask-master\src\flask\blueprints.py_app_context_processor,D:\senior-project\flask-master\src\flask\blueprints.py_teardown_app_request,D:\senior-project\flask-master\src\flask\blueprints.py_after_app_request,D:\senior-project\flask-master\src\flask\blueprints.py_before_app_request
D:\senior-project\flask-master\src\flask\blueprints.py_app_url_value_preprocessor,D:\senior-project\flask-master\src\flask\blueprints.py_app_url_defaults
D:\senior-project\flask-master\src\flask\blueprints.py_app_url_defaults,D:\senior-project\flask-master\src\flask\blueprints.py_app_url_value_preprocessor
D:\senior-project\flask-master\src\flask\ctx.py_get,D:\senior-project\flask-master\src\flask\ctx.py_setdefault
D:\senior-project\flask-master\src\flask\ctx.py___exit__,D:\senior-project\flask-master\src\flask\ctx.py___exit__
D:\senior-project\flask-master\src\flask\json\__init__.py__load_arg_defaults,D:\senior-project\flask-master\src\flask\json\__init__.py__dump_arg_defaults
D:\senior-project\flask-master\src\flask\json\__init__.py_dumps,D:\senior-project\flask-master\src\flask\json\__init__.py_loads
D:\senior-project\flask-master\src\flask\json\__init__.py_loads,D:\senior-project\flask-master\src\flask\json\__init__.py_dumps
D:\senior-project\flask-master\src\flask\sessions.py_get_cookie_secure,D:\senior-project\flask-master\src\flask\sessions.py_get_cookie_httponly
D:\senior-project\flask-master\src\flask\templating.py___init__,D:\senior-project\flask-master\src\flask\ctx.py___init__,D:\senior-project\flask-master\src\flask\ctx.py___init__
D:\senior-project\flask-master\src\flask\templating.py_render_template_string,D:\senior-project\flask-master\src\flask\templating.py_render_template
D:\senior-project\flask-master\src\flask\_compat.py___enter__,D:\senior-project\flask-master\src\flask\app.py_propagate_exceptions,D:\senior-project\flask-master\src\flask\app.py_preserve_context_on_exception,D:\senior-project\flask-master\src\flask\wrappers.py_endpoint,D:\senior-project\flask-master\src\flask\helpers.py_static_url_path,D:\senior-project\flask-master\src\flask\cli.py_load_app,D:\senior-project\flask-master\src\flask\app.py_dispatch_request
D:\senior-project\flask-master\tests\test_appctx.py_index,D:\senior-project\flask-master\tests\test_appctx.py_index,D:\senior-project\flask-master\tests\test_appctx.py_test_app_tearing_down_with_previous_exception,D:\senior-project\flask-master\tests\test_templating.py_test_custom_jinja_env,D:\senior-project\flask-master\tests\test_config.py_test_custom_config_class,D:\senior-project\flask-master\tests\test_appctx.py_test_app_tearing_down,D:\senior-project\flask-master\tests\test_testing.py_test_session_transactions_no_null_sessions,D:\senior-project\flask-master\tests\test_reqctx.py_test_session_error_pops_context,D:\senior-project\flask-master\tests\test_reqctx.py_test_teardown_with_previous_exception,D:\senior-project\flask-master\tests\test_reqctx.py_test_teardown_with_handled_exception,D:\senior-project\flask-master\tests\test_appctx.py_test_app_tearing_down_with_handled_exception_by_except_block
D:\senior-project\flask-master\tests\test_appctx.py_test_app_tearing_down,D:\senior-project\flask-master\tests\test_appctx.py_test_app_tearing_down_with_previous_exception,D:\senior-project\flask-master\tests\test_appctx.py_test_app_tearing_down_with_handled_exception_by_except_block
D:\senior-project\flask-master\tests\test_appctx.py_test_app_tearing_down_with_previous_exception,D:\senior-project\flask-master\tests\test_appctx.py_test_app_tearing_down_with_handled_exception_by_except_block
D:\senior-project\flask-master\tests\test_appctx.py_test_app_tearing_down_with_handled_exception_by_except_block,D:\senior-project\flask-master\tests\test_appctx.py_test_app_tearing_down_with_previous_exception
D:\senior-project\flask-master\tests\test_appctx.py_index,D:\senior-project\flask-master\tests\test_reqctx.py_test_teardown_with_previous_exception,D:\senior-project\flask-master\tests\test_reqctx.py_test_teardown_with_handled_exception,D:\senior-project\flask-master\tests\test_appctx.py_test_app_tearing_down_with_previous_exception,D:\senior-project\flask-master\tests\test_appctx.py_test_app_tearing_down_with_handled_exception_by_except_block
D:\senior-project\flask-master\tests\test_appctx.py_test_app_tearing_down_with_handled_exception_by_app_handler,D:\senior-project\flask-master\tests\test_appctx.py_test_app_tearing_down_with_unhandled_exception
D:\senior-project\flask-master\tests\test_appctx.py_index,D:\senior-project\flask-master\tests\test_reqctx.py_test_teardown_with_previous_exception,D:\senior-project\flask-master\tests\test_reqctx.py_test_teardown_with_handled_exception,D:\senior-project\flask-master\tests\test_appctx.py_test_app_tearing_down_with_previous_exception,D:\senior-project\flask-master\tests\test_appctx.py_test_app_tearing_down_with_handled_exception_by_except_block
D:\senior-project\flask-master\tests\test_apps\cliapp\factory.py_no_app,D:\senior-project\flask-master\tests\test_appctx.py_test_app_tearing_down_with_previous_exception,D:\senior-project\flask-master\tests\test_templating.py_test_custom_jinja_env,D:\senior-project\flask-master\tests\test_appctx.py_index,D:\senior-project\flask-master\tests\test_config.py_test_custom_config_class,D:\senior-project\flask-master\tests\test_appctx.py_test_app_tearing_down,D:\senior-project\flask-master\tests\test_testing.py_test_session_transactions_no_null_sessions,D:\senior-project\flask-master\tests\test_reqctx.py_test_session_error_pops_context,D:\senior-project\flask-master\tests\test_reqctx.py_test_teardown_with_previous_exception,D:\senior-project\flask-master\tests\test_reqctx.py_test_teardown_with_handled_exception,D:\senior-project\flask-master\tests\test_appctx.py_test_app_tearing_down_with_handled_exception_by_except_block
D:\senior-project\flask-master\tests\test_basic.py_test_options_work,D:\senior-project\flask-master\tests\test_basic.py_test_url_mapping,D:\senior-project\flask-master\tests\test_basic.py_test_provide_automatic_options_kwarg
D:\senior-project\flask-master\tests\test_basic.py_test_options_on_multiple_rules,D:\senior-project\flask-master\tests\test_basic.py_test_options_work
D:\senior-project\flask-master\tests\test_basic.py_test_request_dispatching,D:\senior-project\flask-master\tests\test_basic.py_test_url_mapping,D:\senior-project\flask-master\tests\test_basic.py_test_provide_automatic_options_kwarg
D:\senior-project\flask-master\tests\test_basic.py_test_werkzeug_routing,D:\senior-project\flask-master\tests\test_basic.py_test_endpoint_decorator
D:\senior-project\flask-master\tests\test_basic.py_test_endpoint_decorator,D:\senior-project\flask-master\tests\test_basic.py_test_werkzeug_routing
D:\senior-project\flask-master\tests\test_basic.py_test_session_using_server_name,D:\senior-project\flask-master\tests\test_basic.py_test_session_using_server_name_and_port
D:\senior-project\flask-master\tests\test_basic.py_test_session_using_server_name_and_port,D:\senior-project\flask-master\tests\test_basic.py_test_session_using_server_name,D:\senior-project\flask-master\tests\test_basic.py_test_session_using_server_name_port_and_path
D:\senior-project\flask-master\tests\test_basic.py_test_session_stored_last,D:\senior-project\flask-master\tests\test_basic.py_test_user_error_handling
D:\senior-project\flask-master\tests\test_basic.py_test_filter,D:\senior-project\flask-master\tests\test_basic.py_test_filters
D:\senior-project\flask-master\tests\test_basic.py_test_filters,D:\senior-project\flask-master\tests\test_basic.py_test_with_categories
D:\senior-project\flask-master\tests\test_basic.py_test_teardown_request_handler,D:\senior-project\flask-master\tests\test_basic.py_test_teardown_request_handler_debug_mode
D:\senior-project\flask-master\tests\test_basic.py_test_teardown_request_handler_debug_mode,D:\senior-project\flask-master\tests\test_basic.py_test_teardown_request_handler
D:\senior-project\flask-master\tests\test_basic.py_teardown_request1,D:\senior-project\flask-master\tests\test_basic.py_teardown_request2
D:\senior-project\flask-master\tests\test_basic.py_teardown_request2,D:\senior-project\flask-master\tests\test_basic.py_teardown_request1
D:\senior-project\flask-master\tests\test_basic.py_test_before_request_and_routing_errors,D:\senior-project\flask-master\tests\test_basic.py_test_error_handling
D:\senior-project\flask-master\tests\test_basic.py_from_none,D:\senior-project\flask-master\tests\test_appctx.py_test_app_tearing_down_with_previous_exception,D:\senior-project\flask-master\tests\test_templating.py_test_custom_jinja_env,D:\senior-project\flask-master\tests\test_appctx.py_index,D:\senior-project\flask-master\tests\test_config.py_test_custom_config_class,D:\senior-project\flask-master\tests\test_appctx.py_test_app_tearing_down,D:\senior-project\flask-master\tests\test_testing.py_test_session_transactions_no_null_sessions,D:\senior-project\flask-master\tests\test_reqctx.py_test_session_error_pops_context,D:\senior-project\flask-master\tests\test_reqctx.py_test_teardown_with_previous_exception,D:\senior-project\flask-master\tests\test_reqctx.py_test_teardown_with_handled_exception,D:\senior-project\flask-master\tests\test_appctx.py_test_app_tearing_down_with_handled_exception_by_except_block
D:\senior-project\flask-master\tests\test_basic.py_hello,D:\senior-project\flask-master\tests\test_appctx.py_test_app_tearing_down_with_previous_exception,D:\senior-project\flask-master\tests\test_templating.py_test_custom_jinja_env,D:\senior-project\flask-master\tests\test_appctx.py_index,D:\senior-project\flask-master\tests\test_config.py_test_custom_config_class,D:\senior-project\flask-master\tests\test_appctx.py_test_app_tearing_down,D:\senior-project\flask-master\tests\test_testing.py_test_session_transactions_no_null_sessions,D:\senior-project\flask-master\tests\test_reqctx.py_test_session_error_pops_context,D:\senior-project\flask-master\tests\test_reqctx.py_test_teardown_with_previous_exception,D:\senior-project\flask-master\tests\test_reqctx.py_test_teardown_with_handled_exception,D:\senior-project\flask-master\tests\test_appctx.py_test_app_tearing_down_with_handled_exception_by_except_block
D:\senior-project\flask-master\tests\test_basic.py_handler,D:\senior-project\flask-master\tests\test_basic.py_handler
D:\senior-project\flask-master\tests\test_basic.py_handler_raises_build_error,D:\senior-project\flask-master\src\flask\app.py_handle_url_build_error
D:\senior-project\flask-master\tests\test_basic.py_test_static_url_path,D:\senior-project\flask-master\tests\test_basic.py_test_static_url_path_with_ending_slash
D:\senior-project\flask-master\tests\test_basic.py_test_static_url_path_with_ending_slash,D:\senior-project\flask-master\tests\test_basic.py_test_static_url_path
D:\senior-project\flask-master\tests\test_basic.py_test_subdomain_matching,D:\senior-project\flask-master\tests\test_basic.py_test_subdomain_matching_with_ports
D:\senior-project\flask-master\tests\test_basic.py_test_subdomain_matching_with_ports,D:\senior-project\flask-master\tests\test_basic.py_test_subdomain_matching
D:\senior-project\flask-master\tests\test_basic.py_test_multi_route_rules,D:\senior-project\flask-master\tests\test_basic.py_test_multi_route_class_views
D:\senior-project\flask-master\tests\test_basic.py_test_run_defaults,D:\senior-project\flask-master\tests\test_basic.py_test_run_server_port
D:\senior-project\flask-master\tests\test_blueprints.py_test_blueprint_url_processors,D:\senior-project\flask-master\tests\test_blueprints.py_test_app_url_processors
D:\senior-project\flask-master\tests\test_blueprints.py_foo_foo_foo,D:\senior-project\flask-master\tests\test_appctx.py_test_app_tearing_down_with_previous_exception,D:\senior-project\flask-master\tests\test_templating.py_test_custom_jinja_env,D:\senior-project\flask-master\tests\test_appctx.py_index,D:\senior-project\flask-master\tests\test_config.py_test_custom_config_class,D:\senior-project\flask-master\tests\test_appctx.py_test_app_tearing_down,D:\senior-project\flask-master\tests\test_testing.py_test_session_transactions_no_null_sessions,D:\senior-project\flask-master\tests\test_reqctx.py_test_session_error_pops_context,D:\senior-project\flask-master\tests\test_reqctx.py_test_teardown_with_previous_exception,D:\senior-project\flask-master\tests\test_reqctx.py_test_teardown_with_handled_exception,D:\senior-project\flask-master\tests\test_appctx.py_test_app_tearing_down_with_handled_exception_by_except_block
D:\senior-project\flask-master\tests\test_blueprints.py_test_template_filter,D:\senior-project\flask-master\tests\test_blueprints.py_test_add_template_filter,D:\senior-project\flask-master\tests\test_blueprints.py_test_template_filter_with_name,D:\senior-project\flask-master\tests\test_blueprints.py_test_add_template_filter_with_name
D:\senior-project\flask-master\tests\test_blueprints.py_test_add_template_filter,D:\senior-project\flask-master\tests\test_blueprints.py_test_template_filter,D:\senior-project\flask-master\tests\test_blueprints.py_test_add_template_filter_with_name
D:\senior-project\flask-master\tests\test_blueprints.py_test_template_filter_with_name,D:\senior-project\flask-master\tests\test_blueprints.py_test_add_template_filter_with_name,D:\senior-project\flask-master\tests\test_blueprints.py_test_template_filter,D:\senior-project\flask-master\tests\test_blueprints.py_test_add_template_filter
D:\senior-project\flask-master\tests\test_blueprints.py_test_add_template_filter_with_name,D:\senior-project\flask-master\tests\test_blueprints.py_test_template_filter_with_name
D:\senior-project\flask-master\tests\test_blueprints.py_test_template_filter_with_template,D:\senior-project\flask-master\tests\test_blueprints.py_test_add_template_filter_with_name_and_template,D:\senior-project\flask-master\tests\test_blueprints.py_test_add_template_filter_with_template,D:\senior-project\flask-master\tests\test_blueprints.py_test_template_filter_with_name_and_template,D:\senior-project\flask-master\tests\test_blueprints.py_test_template_filter_after_route_with_template,D:\senior-project\flask-master\tests\test_blueprints.py_test_add_template_test_with_name_and_template,D:\senior-project\flask-master\tests\test_blueprints.py_test_add_template_test_with_template,D:\senior-project\flask-master\tests\test_blueprints.py_test_template_test_with_template,D:\senior-project\flask-master\tests\test_blueprints.py_test_template_test_with_name_and_template,D:\senior-project\flask-master\tests\test_blueprints.py_test_template_test_after_route_with_template
D:\senior-project\flask-master\tests\test_blueprints.py_test_template_filter_after_route_with_template,D:\senior-project\flask-master\tests\test_blueprints.py_test_add_template_filter_with_name_and_template,D:\senior-project\flask-master\tests\test_blueprints.py_test_add_template_filter_with_template,D:\senior-project\flask-master\tests\test_blueprints.py_test_template_filter_with_template,D:\senior-project\flask-master\tests\test_blueprints.py_test_template_filter_with_name_and_template,D:\senior-project\flask-master\tests\test_blueprints.py_test_add_template_test_with_name_and_template,D:\senior-project\flask-master\tests\test_blueprints.py_test_add_template_test_with_template,D:\senior-project\flask-master\tests\test_blueprints.py_test_template_test_with_template,D:\senior-project\flask-master\tests\test_blueprints.py_test_template_test_with_name_and_template,D:\senior-project\flask-master\tests\test_blueprints.py_test_template_test_after_route_with_template
D:\senior-project\flask-master\tests\test_blueprints.py_test_add_template_filter_with_template,D:\senior-project\flask-master\tests\test_blueprints.py_test_add_template_filter_with_name_and_template,D:\senior-project\flask-master\tests\test_blueprints.py_test_template_filter_with_template,D:\senior-project\flask-master\tests\test_blueprints.py_test_template_filter_with_name_and_template,D:\senior-project\flask-master\tests\test_blueprints.py_test_template_filter_after_route_with_template
D:\senior-project\flask-master\tests\test_blueprints.py_test_template_filter_with_name_and_template,D:\senior-project\flask-master\tests\test_blueprints.py_test_add_template_filter_with_name_and_template,D:\senior-project\flask-master\tests\test_blueprints.py_test_add_template_filter_with_template,D:\senior-project\flask-master\tests\test_blueprints.py_test_template_filter_with_template,D:\senior-project\flask-master\tests\test_blueprints.py_test_template_filter_after_route_with_template,D:\senior-project\flask-master\tests\test_blueprints.py_test_add_template_test_with_name_and_template,D:\senior-project\flask-master\tests\test_blueprints.py_test_add_template_test_with_template,D:\senior-project\flask-master\tests\test_blueprints.py_test_template_test_with_template,D:\senior-project\flask-master\tests\test_blueprints.py_test_template_test_with_name_and_template,D:\senior-project\flask-master\tests\test_blueprints.py_test_template_test_after_route_with_template
D:\senior-project\flask-master\tests\test_blueprints.py_test_add_template_filter_with_name_and_template,D:\senior-project\flask-master\tests\test_blueprints.py_test_add_template_filter_with_template,D:\senior-project\flask-master\tests\test_blueprints.py_test_template_filter_with_template,D:\senior-project\flask-master\tests\test_blueprints.py_test_template_filter_with_name_and_template,D:\senior-project\flask-master\tests\test_blueprints.py_test_template_filter_after_route_with_template
D:\senior-project\flask-master\tests\test_blueprints.py_test_template_test,D:\senior-project\flask-master\tests\test_blueprints.py_test_add_template_test,D:\senior-project\flask-master\tests\test_blueprints.py_test_template_test_with_name,D:\senior-project\flask-master\tests\test_blueprints.py_test_add_template_test_with_name
D:\senior-project\flask-master\tests\test_blueprints.py_test_add_template_test,D:\senior-project\flask-master\tests\test_blueprints.py_test_template_test,D:\senior-project\flask-master\tests\test_blueprints.py_test_add_template_test_with_name
D:\senior-project\flask-master\tests\test_blueprints.py_test_template_test_with_name,D:\senior-project\flask-master\tests\test_blueprints.py_test_add_template_test_with_name,D:\senior-project\flask-master\tests\test_blueprints.py_test_template_test,D:\senior-project\flask-master\tests\test_blueprints.py_test_add_template_test
D:\senior-project\flask-master\tests\test_blueprints.py_test_add_template_test_with_name,D:\senior-project\flask-master\tests\test_blueprints.py_test_template_test_with_name
D:\senior-project\flask-master\tests\test_blueprints.py_test_template_test_with_template,D:\senior-project\flask-master\tests\test_blueprints.py_test_add_template_test_with_name_and_template,D:\senior-project\flask-master\tests\test_blueprints.py_test_add_template_test_with_template,D:\senior-project\flask-master\tests\test_blueprints.py_test_template_test_with_name_and_template,D:\senior-project\flask-master\tests\test_blueprints.py_test_template_test_after_route_with_template,D:\senior-project\flask-master\tests\test_blueprints.py_test_add_template_filter_with_name_and_template,D:\senior-project\flask-master\tests\test_blueprints.py_test_add_template_filter_with_template,D:\senior-project\flask-master\tests\test_blueprints.py_test_template_filter_with_template,D:\senior-project\flask-master\tests\test_blueprints.py_test_template_filter_with_name_and_template,D:\senior-project\flask-master\tests\test_blueprints.py_test_template_filter_after_route_with_template
D:\senior-project\flask-master\tests\test_blueprints.py_test_template_test_after_route_with_template,D:\senior-project\flask-master\tests\test_blueprints.py_test_add_template_test_with_name_and_template,D:\senior-project\flask-master\tests\test_blueprints.py_test_add_template_test_with_template,D:\senior-project\flask-master\tests\test_blueprints.py_test_template_test_with_template,D:\senior-project\flask-master\tests\test_blueprints.py_test_template_test_with_name_and_template,D:\senior-project\flask-master\tests\test_blueprints.py_test_add_template_filter_with_name_and_template,D:\senior-project\flask-master\tests\test_blueprints.py_test_add_template_filter_with_template,D:\senior-project\flask-master\tests\test_blueprints.py_test_template_filter_with_template,D:\senior-project\flask-master\tests\test_blueprints.py_test_template_filter_with_name_and_template,D:\senior-project\flask-master\tests\test_blueprints.py_test_template_filter_after_route_with_template
D:\senior-project\flask-master\tests\test_blueprints.py_test_add_template_test_with_template,D:\senior-project\flask-master\tests\test_blueprints.py_test_add_template_test_with_name_and_template,D:\senior-project\flask-master\tests\test_blueprints.py_test_template_test_with_template,D:\senior-project\flask-master\tests\test_blueprints.py_test_template_test_with_name_and_template,D:\senior-project\flask-master\tests\test_blueprints.py_test_template_test_after_route_with_template
D:\senior-project\flask-master\tests\test_blueprints.py_test_template_test_with_name_and_template,D:\senior-project\flask-master\tests\test_blueprints.py_test_add_template_test_with_name_and_template,D:\senior-project\flask-master\tests\test_blueprints.py_test_add_template_test_with_template,D:\senior-project\flask-master\tests\test_blueprints.py_test_template_test_with_template,D:\senior-project\flask-master\tests\test_blueprints.py_test_template_test_after_route_with_template,D:\senior-project\flask-master\tests\test_blueprints.py_test_add_template_filter_with_name_and_template,D:\senior-project\flask-master\tests\test_blueprints.py_test_add_template_filter_with_template,D:\senior-project\flask-master\tests\test_blueprints.py_test_template_filter_with_template,D:\senior-project\flask-master\tests\test_blueprints.py_test_template_filter_with_name_and_template,D:\senior-project\flask-master\tests\test_blueprints.py_test_template_filter_after_route_with_template
D:\senior-project\flask-master\tests\test_blueprints.py_test_add_template_test_with_name_and_template,D:\senior-project\flask-master\tests\test_blueprints.py_test_add_template_test_with_template,D:\senior-project\flask-master\tests\test_blueprints.py_test_template_test_with_template,D:\senior-project\flask-master\tests\test_blueprints.py_test_template_test_with_name_and_template,D:\senior-project\flask-master\tests\test_blueprints.py_test_template_test_after_route_with_template
D:\senior-project\flask-master\tests\test_blueprints.py_test_app_url_processors,D:\senior-project\flask-master\tests\test_blueprints.py_test_blueprint_url_processors
D:\senior-project\flask-master\tests\test_cli.py_exit,D:\senior-project\flask-master\src\flask\app.py_try_trigger_before_first_request_functions,D:\senior-project\flask-master\src\flask\cli.py__load_plugin_commands,D:\senior-project\flask-master\src\flask\wrappers.py_endpoint,D:\senior-project\flask-master\src\flask\ctx.py___repr__,D:\senior-project\flask-master\src\flask\cli.py_load_app,D:\senior-project\flask-master\src\flask\wrappers.py_max_cookie_size,D:\senior-project\flask-master\src\flask\helpers.py_jinja_loader,D:\senior-project\flask-master\src\flask\app.py_propagate_exceptions,D:\senior-project\flask-master\src\flask\app.py_preserve_context_on_exception,D:\senior-project\flask-master\src\flask\helpers.py_static_url_path
D:\senior-project\flask-master\tests\test_cli.py_test_with_appcontext,D:\senior-project\flask-master\tests\test_cli.py_test_appgroup
D:\senior-project\flask-master\tests\test_cli.py_cli,D:\senior-project\flask-master\tests\test_appctx.py_test_app_tearing_down_with_previous_exception,D:\senior-project\flask-master\tests\test_templating.py_test_custom_jinja_env,D:\senior-project\flask-master\tests\test_appctx.py_index,D:\senior-project\flask-master\tests\test_config.py_test_custom_config_class,D:\senior-project\flask-master\tests\test_appctx.py_test_app_tearing_down,D:\senior-project\flask-master\tests\test_testing.py_test_session_transactions_no_null_sessions,D:\senior-project\flask-master\tests\test_reqctx.py_test_session_error_pops_context,D:\senior-project\flask-master\tests\test_reqctx.py_test_teardown_with_previous_exception,D:\senior-project\flask-master\tests\test_reqctx.py_test_teardown_with_handled_exception,D:\senior-project\flask-master\tests\test_appctx.py_test_app_tearing_down_with_handled_exception_by_except_block
D:\senior-project\flask-master\tests\test_cli.py_subgroup,D:\senior-project\flask-master\tests\test_appctx.py_test_app_tearing_down_with_previous_exception,D:\senior-project\flask-master\tests\test_templating.py_test_custom_jinja_env,D:\senior-project\flask-master\tests\test_appctx.py_index,D:\senior-project\flask-master\tests\test_config.py_test_custom_config_class,D:\senior-project\flask-master\tests\test_appctx.py_test_app_tearing_down,D:\senior-project\flask-master\tests\test_testing.py_test_session_transactions_no_null_sessions,D:\senior-project\flask-master\tests\test_reqctx.py_test_session_error_pops_context,D:\senior-project\flask-master\tests\test_reqctx.py_test_teardown_with_previous_exception,D:\senior-project\flask-master\tests\test_reqctx.py_test_teardown_with_handled_exception,D:\senior-project\flask-master\tests\test_appctx.py_test_app_tearing_down_with_handled_exception_by_except_block
D:\senior-project\flask-master\tests\test_cli.py_aaa_post,D:\senior-project\flask-master\tests\test_appctx.py_test_app_tearing_down_with_previous_exception,D:\senior-project\flask-master\tests\test_templating.py_test_custom_jinja_env,D:\senior-project\flask-master\tests\test_appctx.py_index,D:\senior-project\flask-master\tests\test_config.py_test_custom_config_class,D:\senior-project\flask-master\tests\test_appctx.py_test_app_tearing_down,D:\senior-project\flask-master\tests\test_testing.py_test_session_transactions_no_null_sessions,D:\senior-project\flask-master\tests\test_reqctx.py_test_session_error_pops_context,D:\senior-project\flask-master\tests\test_reqctx.py_test_teardown_with_previous_exception,D:\senior-project\flask-master\tests\test_reqctx.py_test_teardown_with_handled_exception,D:\senior-project\flask-master\tests\test_appctx.py_test_app_tearing_down_with_handled_exception_by_except_block
D:\senior-project\flask-master\tests\test_cli.py_invoke,D:\senior-project\flask-master\tests\test_cli.py_invoke_no_routes
D:\senior-project\flask-master\tests\test_cli.py_invoke_no_routes,D:\senior-project\flask-master\tests\test_cli.py_invoke
D:\senior-project\flask-master\tests\test_cli.py_test_run_cert_no_ssl,D:\senior-project\flask-master\tests\test_cli.py_test_run_cert_import
D:\senior-project\flask-master\tests\test_config.py_test_config_from_object,D:\senior-project\flask-master\tests\test_config.py_test_config_from_class,D:\senior-project\flask-master\tests\test_config.py_test_config_from_mapping,D:\senior-project\flask-master\tests\test_config.py_test_custom_config_class
D:\senior-project\flask-master\tests\test_config.py_test_config_from_envvar_missing,D:\senior-project\flask-master\tests\test_config.py_test_config_missing
D:\senior-project\flask-master\tests\test_config.py_test_config_missing,D:\senior-project\flask-master\tests\test_config.py_test_config_missing_file,D:\senior-project\flask-master\tests\test_config.py_test_config_from_envvar_missing
D:\senior-project\flask-master\tests\test_helpers.py_test_json_customization,D:\senior-project\flask-master\tests\test_helpers.py_test_blueprint_json_customization
D:\senior-project\flask-master\tests\test_helpers.py_test_send_file_regular,D:\senior-project\flask-master\tests\test_helpers.py_test_send_file_pathlike
D:\senior-project\flask-master\tests\test_helpers.py_test_send_file_pathlike,D:\senior-project\flask-master\tests\test_helpers.py_test_send_file_regular
D:\senior-project\flask-master\tests\test_helpers.py_test_send_file_range_request_bytesio,D:\senior-project\flask-master\tests\test_helpers.py_test_send_file_range_request
D:\senior-project\flask-master\tests\test_helpers.py_test_send_file_range_request_xsendfile_invalid,D:\senior-project\flask-master\tests\test_helpers.py_test_send_file_range_request
D:\senior-project\flask-master\tests\test_helpers.py_test_send_from_directory,D:\senior-project\flask-master\tests\test_helpers.py_test_send_from_directory_pathlike
D:\senior-project\flask-master\tests\test_helpers.py_test_send_from_directory_pathlike,D:\senior-project\flask-master\tests\test_helpers.py_test_send_from_directory
D:\senior-project\flask-master\tests\test_helpers.py_test_url_for_with_scheme,D:\senior-project\flask-master\tests\test_helpers.py_test_url_for_with_alternating_schemes
D:\senior-project\flask-master\tests\test_helpers.py_index,D:\senior-project\flask-master\tests\test_helpers.py_index
D:\senior-project\flask-master\tests\test_helpers.py_test_streaming_with_context,D:\senior-project\flask-master\tests\test_helpers.py_test_streaming_with_context_as_decorator,D:\senior-project\flask-master\tests\test_helpers.py_test_streaming_with_context_and_custom_close,D:\senior-project\flask-master\tests\test_reqctx.py_test_greenlet_context_copying_api,D:\senior-project\flask-master\tests\test_reqctx.py_test_greenlet_context_copying
D:\senior-project\flask-master\tests\test_helpers.py_test_streaming_with_context_as_decorator,D:\senior-project\flask-master\tests\test_helpers.py_test_streaming_with_context,D:\senior-project\flask-master\tests\test_helpers.py_test_streaming_with_context_and_custom_close,D:\senior-project\flask-master\tests\test_reqctx.py_test_greenlet_context_copying_api,D:\senior-project\flask-master\tests\test_reqctx.py_test_greenlet_context_copying
D:\senior-project\flask-master\tests\test_helpers.py___iter__,D:\senior-project\flask-master\src\flask\app.py_propagate_exceptions,D:\senior-project\flask-master\src\flask\app.py_preserve_context_on_exception,D:\senior-project\flask-master\src\flask\wrappers.py_endpoint,D:\senior-project\flask-master\src\flask\helpers.py_static_url_path,D:\senior-project\flask-master\src\flask\cli.py_load_app,D:\senior-project\flask-master\src\flask\app.py_dispatch_request
D:\senior-project\flask-master\tests\test_helpers.py_index,D:\senior-project\flask-master\tests\test_helpers.py_index
D:\senior-project\flask-master\tests\test_instance_config.py_test_uninstalled_module_paths,D:\senior-project\flask-master\tests\test_instance_config.py_test_uninstalled_package_paths
D:\senior-project\flask-master\tests\test_reqctx.py_test_teardown_with_previous_exception,D:\senior-project\flask-master\tests\test_reqctx.py_test_teardown_with_handled_exception
D:\senior-project\flask-master\tests\test_reqctx.py_test_teardown_with_handled_exception,D:\senior-project\flask-master\tests\test_reqctx.py_test_teardown_with_previous_exception
D:\senior-project\flask-master\tests\test_reqctx.py_test_greenlet_context_copying,D:\senior-project\flask-master\tests\test_reqctx.py_test_greenlet_context_copying_api
D:\senior-project\flask-master\tests\test_reqctx.py_g,D:\senior-project\flask-master\tests\test_reqctx.py_g
D:\senior-project\flask-master\tests\test_reqctx.py_index,D:\senior-project\flask-master\tests\test_reqctx.py_index
D:\senior-project\flask-master\tests\test_reqctx.py_test_greenlet_context_copying_api,D:\senior-project\flask-master\tests\test_reqctx.py_test_greenlet_context_copying
D:\senior-project\flask-master\tests\test_reqctx.py_open_session,D:\senior-project\flask-master\src\flask\sessions.py_open_session
D:\senior-project\flask-master\tests\test_reqctx.py_set,D:\senior-project\flask-master\tests\test_basic.py_set
D:\senior-project\flask-master\tests\test_reqctx.py_get,D:\senior-project\flask-master\tests\test_basic.py_get
D:\senior-project\flask-master\tests\test_reqctx.py_set_dynamic_cookie,D:\senior-project\flask-master\tests\test_basic.py_set
D:\senior-project\flask-master\tests\test_reqctx.py_get_dynamic_cookie,D:\senior-project\flask-master\tests\test_basic.py_get
D:\senior-project\flask-master\tests\test_reqctx.py_test_bad_environ_raises_bad_request,D:\senior-project\flask-master\tests\test_reqctx.py_test_environ_for_valid_idna_completes
D:\senior-project\flask-master\tests\test_reqctx.py_test_environ_for_valid_idna_completes,D:\senior-project\flask-master\tests\test_reqctx.py_test_bad_environ_raises_bad_request
D:\senior-project\flask-master\tests\test_templating.py_test_context_processing,D:\senior-project\flask-master\tests\test_templating.py_test_template_filter_with_template,D:\senior-project\flask-master\tests\test_templating.py_test_template_filter_with_name_and_template,D:\senior-project\flask-master\tests\test_templating.py_test_original_win,D:\senior-project\flask-master\tests\test_templating.py_test_iterable_loader,D:\senior-project\flask-master\tests\test_helpers.py_test_stream_keeps_session,D:\senior-project\flask-master\tests\test_basic.py_test_before_request_and_routing_errors,D:\senior-project\flask-master\tests\test_templating.py_test_add_template_filter_with_name_and_template,D:\senior-project\flask-master\tests\test_templating.py_test_add_template_filter_with_template,D:\senior-project\flask-master\tests\test_basic.py_test_error_handler_after_processor_error
D:\senior-project\flask-master\tests\test_templating.py_test_original_win,D:\senior-project\flask-master\tests\test_templating.py_test_template_filter_with_template,D:\senior-project\flask-master\tests\test_templating.py_test_template_filter_with_name_and_template,D:\senior-project\flask-master\tests\test_templating.py_test_iterable_loader,D:\senior-project\flask-master\tests\test_templating.py_test_context_processing,D:\senior-project\flask-master\tests\test_helpers.py_test_stream_keeps_session,D:\senior-project\flask-master\tests\test_basic.py_test_before_request_and_routing_errors,D:\senior-project\flask-master\tests\test_templating.py_test_add_template_filter_with_name_and_template,D:\senior-project\flask-master\tests\test_templating.py_test_add_template_filter_with_template,D:\senior-project\flask-master\tests\test_basic.py_test_error_handler_after_processor_error
D:\senior-project\flask-master\tests\test_templating.py_test_escaping,D:\senior-project\flask-master\tests\test_templating.py_test_no_escaping
D:\senior-project\flask-master\tests\test_templating.py_test_no_escaping,D:\senior-project\flask-master\tests\test_templating.py_test_escaping
D:\senior-project\flask-master\tests\test_templating.py_test_template_filter,D:\senior-project\flask-master\tests\test_templating.py_test_add_template_filter,D:\senior-project\flask-master\tests\test_blueprints.py_test_template_filter,D:\senior-project\flask-master\tests\test_blueprints.py_test_add_template_filter
D:\senior-project\flask-master\tests\test_templating.py_test_add_template_filter,D:\senior-project\flask-master\tests\test_blueprints.py_test_add_template_filter,D:\senior-project\flask-master\tests\test_templating.py_test_template_filter,D:\senior-project\flask-master\tests\test_blueprints.py_test_template_filter
D:\senior-project\flask-master\tests\test_templating.py_test_template_filter_with_name,D:\senior-project\flask-master\tests\test_templating.py_test_add_template_filter_with_name,D:\senior-project\flask-master\tests\test_blueprints.py_test_template_filter_with_name,D:\senior-project\flask-master\tests\test_blueprints.py_test_add_template_filter_with_name
D:\senior-project\flask-master\tests\test_templating.py_test_add_template_filter_with_name,D:\senior-project\flask-master\tests\test_blueprints.py_test_add_template_filter_with_name,D:\senior-project\flask-master\tests\test_blueprints.py_test_template_filter_with_name,D:\senior-project\flask-master\tests\test_templating.py_test_template_filter_with_name
D:\senior-project\flask-master\tests\test_templating.py_test_template_filter_with_template,D:\senior-project\flask-master\tests\test_templating.py_test_template_filter_with_name_and_template,D:\senior-project\flask-master\tests\test_templating.py_test_original_win,D:\senior-project\flask-master\tests\test_templating.py_test_iterable_loader,D:\senior-project\flask-master\tests\test_templating.py_test_context_processing,D:\senior-project\flask-master\tests\test_helpers.py_test_stream_keeps_session,D:\senior-project\flask-master\tests\test_blueprints.py_test_template_filter_with_template,D:\senior-project\flask-master\tests\test_basic.py_test_before_request_and_routing_errors,D:\senior-project\flask-master\tests\test_templating.py_test_add_template_filter_with_template,D:\senior-project\flask-master\tests\test_templating.py_test_add_template_filter_with_name_and_template
D:\senior-project\flask-master\tests\test_templating.py_test_add_template_filter_with_template,D:\senior-project\flask-master\tests\test_blueprints.py_test_add_template_filter_with_template,D:\senior-project\flask-master\tests\test_templating.py_test_add_template_filter_with_name_and_template,D:\senior-project\flask-master\tests\test_blueprints.py_test_add_template_filter_with_name_and_template,D:\senior-project\flask-master\tests\test_blueprints.py_test_template_filter_with_template,D:\senior-project\flask-master\tests\test_blueprints.py_test_template_filter_with_name_and_template,D:\senior-project\flask-master\tests\test_blueprints.py_test_template_filter_after_route_with_template
D:\senior-project\flask-master\tests\test_templating.py_test_template_filter_with_name_and_template,D:\senior-project\flask-master\tests\test_templating.py_test_template_filter_with_template,D:\senior-project\flask-master\tests\test_templating.py_test_original_win,D:\senior-project\flask-master\tests\test_templating.py_test_iterable_loader,D:\senior-project\flask-master\tests\test_templating.py_test_context_processing,D:\senior-project\flask-master\tests\test_helpers.py_test_stream_keeps_session,D:\senior-project\flask-master\tests\test_blueprints.py_test_template_filter_with_name_and_template,D:\senior-project\flask-master\tests\test_basic.py_test_before_request_and_routing_errors,D:\senior-project\flask-master\tests\test_templating.py_test_add_template_filter_with_template,D:\senior-project\flask-master\tests\test_templating.py_test_add_template_filter_with_name_and_template
D:\senior-project\flask-master\tests\test_templating.py_test_add_template_filter_with_name_and_template,D:\senior-project\flask-master\tests\test_blueprints.py_test_add_template_filter_with_name_and_template,D:\senior-project\flask-master\tests\test_templating.py_test_add_template_filter_with_template
D:\senior-project\flask-master\tests\test_templating.py_test_template_test,D:\senior-project\flask-master\tests\test_templating.py_test_template_test_with_name,D:\senior-project\flask-master\tests\test_templating.py_test_add_template_test,D:\senior-project\flask-master\tests\test_templating.py_test_add_template_test_with_name,D:\senior-project\flask-master\tests\test_blueprints.py_test_template_test_with_name,D:\senior-project\flask-master\tests\test_blueprints.py_test_add_template_test_with_name
D:\senior-project\flask-master\tests\test_templating.py_test_add_template_test,D:\senior-project\flask-master\tests\test_templating.py_test_add_template_test_with_name,D:\senior-project\flask-master\tests\test_templating.py_test_template_test,D:\senior-project\flask-master\tests\test_blueprints.py_test_template_test_with_name,D:\senior-project\flask-master\tests\test_blueprints.py_test_add_template_test_with_name
D:\senior-project\flask-master\tests\test_templating.py_test_template_test_with_name,D:\senior-project\flask-master\tests\test_templating.py_test_template_test,D:\senior-project\flask-master\tests\test_templating.py_test_add_template_test_with_name,D:\senior-project\flask-master\tests\test_templating.py_test_add_template_test,D:\senior-project\flask-master\tests\test_blueprints.py_test_template_test_with_name,D:\senior-project\flask-master\tests\test_blueprints.py_test_add_template_test_with_name
D:\senior-project\flask-master\tests\test_templating.py_test_add_template_test_with_name,D:\senior-project\flask-master\tests\test_blueprints.py_test_add_template_test_with_name,D:\senior-project\flask-master\tests\test_templating.py_test_add_template_test,D:\senior-project\flask-master\tests\test_blueprints.py_test_template_test_with_name,D:\senior-project\flask-master\tests\test_templating.py_test_template_test_with_name
D:\senior-project\flask-master\tests\test_templating.py_test_template_test_with_template,D:\senior-project\flask-master\tests\test_templating.py_test_template_test_with_name_and_template,D:\senior-project\flask-master\tests\test_blueprints.py_test_template_test_with_template,D:\senior-project\flask-master\tests\test_templating.py_test_add_template_test_with_template,D:\senior-project\flask-master\tests\test_templating.py_test_add_template_test_with_name_and_template,D:\senior-project\flask-master\tests\test_blueprints.py_test_add_template_test_with_name_and_template,D:\senior-project\flask-master\tests\test_blueprints.py_test_add_template_test_with_template,D:\senior-project\flask-master\tests\test_blueprints.py_test_template_test_with_name_and_template,D:\senior-project\flask-master\tests\test_blueprints.py_test_template_test_after_route_with_template,D:\senior-project\flask-master\tests\test_basic.py_test_teardown_request_handler_debug_mode
D:\senior-project\flask-master\tests\test_templating.py_test_add_template_test_with_template,D:\senior-project\flask-master\tests\test_templating.py_test_add_template_test_with_name_and_template,D:\senior-project\flask-master\tests\test_blueprints.py_test_add_template_test_with_template,D:\senior-project\flask-master\tests\test_blueprints.py_test_add_template_test_with_name_and_template,D:\senior-project\flask-master\tests\test_blueprints.py_test_template_test_with_template,D:\senior-project\flask-master\tests\test_blueprints.py_test_template_test_with_name_and_template,D:\senior-project\flask-master\tests\test_blueprints.py_test_template_test_after_route_with_template
D:\senior-project\flask-master\tests\test_templating.py_test_template_test_with_name_and_template,D:\senior-project\flask-master\tests\test_templating.py_test_template_test_with_template,D:\senior-project\flask-master\tests\test_blueprints.py_test_template_test_with_name_and_template,D:\senior-project\flask-master\tests\test_templating.py_test_add_template_test_with_template,D:\senior-project\flask-master\tests\test_templating.py_test_add_template_test_with_name_and_template,D:\senior-project\flask-master\tests\test_blueprints.py_test_add_template_test_with_name_and_template,D:\senior-project\flask-master\tests\test_blueprints.py_test_add_template_test_with_template,D:\senior-project\flask-master\tests\test_blueprints.py_test_template_test_with_template,D:\senior-project\flask-master\tests\test_blueprints.py_test_template_test_after_route_with_template,D:\senior-project\flask-master\tests\test_basic.py_test_teardown_request_handler_debug_mode
D:\senior-project\flask-master\tests\test_templating.py_test_add_template_test_with_name_and_template,D:\senior-project\flask-master\tests\test_blueprints.py_test_add_template_test_with_name_and_template,D:\senior-project\flask-master\tests\test_templating.py_test_add_template_test_with_template
D:\senior-project\flask-master\tests\test_templating.py_test_iterable_loader,D:\senior-project\flask-master\tests\test_templating.py_test_template_filter_with_template,D:\senior-project\flask-master\tests\test_templating.py_test_template_filter_with_name_and_template,D:\senior-project\flask-master\tests\test_templating.py_test_original_win,D:\senior-project\flask-master\tests\test_templating.py_test_context_processing,D:\senior-project\flask-master\tests\test_helpers.py_test_stream_keeps_session,D:\senior-project\flask-master\tests\test_basic.py_test_before_request_and_routing_errors,D:\senior-project\flask-master\tests\test_templating.py_test_add_template_filter_with_name_and_template,D:\senior-project\flask-master\tests\test_templating.py_test_add_template_filter_with_template,D:\senior-project\flask-master\tests\test_basic.py_test_error_handler_after_processor_error
D:\senior-project\flask-master\tests\test_testing.py_test_path_is_url,D:\senior-project\flask-master\tests\test_testing.py_test_make_test_environ_builder
D:\senior-project\flask-master\tests\test_testing.py_test_nosubdomain,D:\senior-project\flask-master\tests\test_testing.py_test_subdomain
D:\senior-project\flask-master\tests\test_testing.py_index,D:\senior-project\flask-master\tests\test_helpers.py_index,D:\senior-project\flask-master\tests\test_helpers.py_index
D:\senior-project\flask-master\tests\test_user_error_handler.py_report_error,D:\senior-project\flask-master\tests\test_user_error_handler.py_handle_500
D:\senior-project\flask-master\tests\test_views.py_test_basic_view,D:\senior-project\flask-master\tests\test_views.py_test_endpoint_override
D:\senior-project\flask-master\tests\test_views.py_test_method_based_view,D:\senior-project\flask-master\tests\test_views.py_test_basic_view,D:\senior-project\flask-master\tests\test_views.py_test_view_patching
D:\senior-project\flask-master\tests\test_views.py_test_implicit_head,D:\senior-project\flask-master\tests\test_views.py_test_explicit_head
D:\senior-project\flask-master\tests\test_views.py_test_explicit_head,D:\senior-project\flask-master\tests\test_views.py_test_implicit_head
